-- phpMyAdmin SQL Dump
-- version 4.9.0.1
-- https://www.phpmyadmin.net/
--
-- Host: sql108.epizy.com
-- Generation Time: Feb 15, 2020 at 10:26 PM
-- Server version: 5.6.45-86.1
-- PHP Version: 7.2.22

SET SQL_MODE = "NO_AUTO_VALUE_ON_ZERO";
SET AUTOCOMMIT = 0;
START TRANSACTION;
SET time_zone = "+00:00";


/*!40101 SET @OLD_CHARACTER_SET_CLIENT=@@CHARACTER_SET_CLIENT */;
/*!40101 SET @OLD_CHARACTER_SET_RESULTS=@@CHARACTER_SET_RESULTS */;
/*!40101 SET @OLD_COLLATION_CONNECTION=@@COLLATION_CONNECTION */;
/*!40101 SET NAMES utf8mb4 */;

--
-- Database: `epiz_24576764_cyberlabs`
--

-- --------------------------------------------------------

--
-- Table structure for table `tambah_project`
--

CREATE TABLE `tambah_project` (
  `no_project` int(10) NOT NULL,
  `list_project` varchar(100) NOT NULL,
  `status` int(11) NOT NULL,
  `date_out` date NOT NULL,
  `date` date NOT NULL
) ENGINE=MyISAM DEFAULT CHARSET=latin1;

--
-- Dumping data for table `tambah_project`
--

INSERT INTO `tambah_project` (`no_project`, `list_project`, `status`, `date_out`, `date`) VALUES
(1, 'Hydro', 0, '2019-09-19', '0000-00-00'),
(2, 'Atom', 0, '2019-09-23', '0000-00-00'),
(3, 'dll', 0, '2019-05-23', '0000-00-00'),
(4, 'cloud ocean', 0, '2019-09-22', '0000-00-00'),
(5, 'Penggadaian', 0, '2019-09-30', '0000-00-00'),
(6, 'OCEAN', 0, '2020-02-27', '0000-00-00'),
(21, 'project gede pisan', 1, '2020-03-31', '2020-02-14'),
(19, 'OCEAN', 2, '0000-00-00', '2020-02-25'),
(14, 'cloud', 0, '2020-02-08', '0000-00-00'),
(15, 'Atom', 2, '2020-02-08', '0000-00-00'),
(18, 'LPKIA', 0, '2020-03-02', '0000-00-00'),
(22, 'project gede pisan 8x', 0, '2020-02-29', '2020-02-12'),
(23, 'OCEAN', 0, '2020-02-24', '2020-02-11');

-- --------------------------------------------------------

--
-- Table structure for table `tim_project`
--

CREATE TABLE `tim_project` (
  `id_tim` int(11) NOT NULL,
  `no_user` int(11) NOT NULL,
  `no_project` int(11) NOT NULL,
  `tgl_dibuat` timestamp NOT NULL DEFAULT CURRENT_TIMESTAMP ON UPDATE CURRENT_TIMESTAMP
) ENGINE=MyISAM DEFAULT CHARSET=latin1;

--
-- Dumping data for table `tim_project`
--

INSERT INTO `tim_project` (`id_tim`, `no_user`, `no_project`, `tgl_dibuat`) VALUES
(18, 42, 12, '2020-02-07 16:28:33'),
(17, 34, 7, '2020-02-07 16:27:12'),
(16, 20, 7, '2020-02-07 16:27:12'),
(15, 36, 7, '2020-02-07 16:27:12'),
(14, 29, 7, '2020-02-07 16:27:12'),
(13, 39, 7, '2020-02-07 16:27:12'),
(12, 26, 7, '2020-02-07 16:27:12'),
(11, 10, 7, '2020-02-07 16:27:12'),
(10, 41, 7, '2020-02-07 16:27:12'),
(19, 23, 12, '2020-02-07 16:28:33'),
(20, 50, 12, '2020-02-07 16:28:33'),
(21, 17, 12, '2020-02-07 16:28:33'),
(22, 41, 12, '2020-02-07 16:29:42'),
(23, 20, 12, '2020-02-07 16:29:42'),
(24, 28, 12, '2020-02-07 16:29:42'),
(25, 35, 12, '2020-02-07 16:29:42'),
(26, 41, 13, '2020-02-07 16:55:25'),
(27, 24, 13, '2020-02-07 16:55:25'),
(28, 32, 13, '2020-02-07 16:55:25'),
(29, 23, 13, '2020-02-07 16:55:25'),
(30, 17, 13, '2020-02-07 16:55:25'),
(31, 28, 14, '2020-02-07 21:53:22'),
(32, 18, 15, '2020-02-07 21:54:08'),
(33, 41, 16, '2020-02-08 00:17:02'),
(34, 10, 16, '2020-02-08 00:17:02'),
(35, 26, 16, '2020-02-08 00:17:02'),
(36, 41, 17, '2020-02-08 00:20:10'),
(37, 10, 17, '2020-02-08 00:20:10'),
(38, 34, 17, '2020-02-08 00:20:10'),
(39, 28, 17, '2020-02-08 00:20:10'),
(40, 48, 17, '2020-02-08 00:20:10'),
(41, 38, 17, '2020-02-08 00:20:10'),
(42, 32, 17, '2020-02-08 00:20:10'),
(43, 42, 17, '2020-02-08 00:20:10'),
(44, 18, 18, '2020-02-08 04:44:41'),
(45, 31, 18, '2020-02-08 04:44:41'),
(46, 41, 19, '2020-02-11 00:08:42'),
(47, 10, 19, '2020-02-11 00:08:42'),
(48, 29, 19, '2020-02-11 00:08:42'),
(49, 36, 19, '2020-02-11 00:08:42'),
(50, 24, 19, '2020-02-11 00:08:42'),
(51, 17, 19, '2020-02-11 00:08:42'),
(52, 47, 19, '2020-02-11 00:27:05'),
(53, 41, 19, '2020-02-11 00:27:44'),
(54, 10, 19, '2020-02-11 00:27:44'),
(55, 29, 19, '2020-02-11 00:27:44'),
(56, 36, 19, '2020-02-11 00:27:44'),
(57, 24, 19, '2020-02-11 00:27:44'),
(58, 20, 19, '2020-02-11 00:27:44'),
(59, 18, 19, '2020-02-11 00:28:24'),
(60, 18, 19, '2020-02-11 00:29:17'),
(61, 47, 21, '2020-02-11 02:39:34'),
(62, 41, 21, '2020-02-11 02:39:31'),
(63, 10, 21, '2020-02-11 02:39:28'),
(64, 36, 21, '2020-02-11 02:39:24'),
(65, 40, 21, '2020-02-11 02:39:21'),
(66, 27, 21, '2020-02-11 02:39:18'),
(67, 42, 21, '2020-02-11 02:39:13'),
(68, 23, 21, '2020-02-11 02:39:09'),
(69, 47, 22, '2020-02-11 04:49:11'),
(70, 41, 22, '2020-02-11 04:49:11'),
(71, 10, 22, '2020-02-11 04:49:11'),
(72, 31, 22, '2020-02-11 04:49:11'),
(73, 35, 22, '2020-02-11 04:49:11'),
(74, 42, 22, '2020-02-11 04:49:11'),
(75, 50, 22, '2020-02-11 04:49:11'),
(76, 40, 23, '2020-02-11 04:50:30');

-- --------------------------------------------------------

--
-- Table structure for table `todolist`
--

CREATE TABLE `todolist` (
  `no_peg` int(11) NOT NULL,
  `no_project` int(10) NOT NULL,
  `no_user` int(10) NOT NULL,
  `tgl_mulai` date NOT NULL,
  `date_Selesai` date NOT NULL,
  `todolist` varchar(500) NOT NULL,
  `progress` int(3) NOT NULL
) ENGINE=MyISAM DEFAULT CHARSET=latin1;

--
-- Dumping data for table `todolist`
--

INSERT INTO `todolist` (`no_peg`, `no_project`, `no_user`, `tgl_mulai`, `date_Selesai`, `todolist`, `progress`) VALUES
(23, 3, 26, '0000-00-00', '2019-05-23', 'masih menyelesaikan kaercher untuk supervisor\r\n', 100),
(19, 3, 23, '0000-00-00', '2019-05-22', 'Pengecekan Fitur API, upload file website ke server VPS\r\n', 100),
(20, 3, 23, '0000-00-00', '2019-05-23', 'Testing fitur fase 2 HGC\r\n', 100),
(21, 3, 24, '0000-00-00', '2019-05-23', 'Cak mutasi dan rekap excel. Input gambar\r\n', 100),
(22, 1, 25, '0000-00-00', '2019-05-23', '\"Pengerjaan hydrocenter.id diantaranya\r\n1. crud banner (1 banner)\r\n2. crud berita : thumbnail, judul, isi text\r\n3. crud tentang : isi text, foto, nama, jabatan \r\n4. crud karir : thumbnail, judul, isi text\r\n5. crud kontak : tlp kantor, no handphone, no whatsapp, email, main office, national branch office, international branch office\r\n6. List kontak masuk : Email, Nama Lengkap, Pesan\"\r\n', 100),
(17, 3, 22, '0000-00-00', '2019-05-23', 'Implementasi API\r\n', 100),
(18, 3, 23, '0000-00-00', '2019-05-22', 'Pengecekan Fitur API, upload file website ke server VPS\r\n', 100),
(15, 3, 20, '0000-00-00', '2019-05-23', '- transaksi pkbl\r\n', 100),
(16, 3, 18, '0000-00-00', '2019-05-23', '\"- admin pkbl manajemen : outlet, menu, approval limit\r\n- admin pkbl : running text\"\r\n', 100),
(24, 5, 27, '0000-00-00', '2019-05-23', '\"Pegadaian\r\n- Pengerjaan fitur cetak berkas\"\r\n', 100),
(25, 5, 28, '0000-00-00', '2019-05-23', 'Pengerjaan jurnal pegadaian bina lingkungan \r\n', 100),
(26, 5, 29, '0000-00-00', '2019-05-23', 'Mengerjakan fitur reconditioning (Pegadaian)\r\n', 100),
(27, 3, 29, '0000-00-00', '2019-05-23', '-edit foto produk GRUTTY \r\n', 100),
(28, 1, 31, '0000-00-00', '2019-06-23', '\"- Approaching kampus/sekolah utk kerjasama event hydro\r\n- Follow up calon produsen\r\n-Meeting dgn kampus widyatama bahas sistem QR Code di job fair\"\r\n', 100),
(29, 3, 32, '0000-00-00', '2019-05-23', '\"Check admin Saudagar muda perubahan minor, hasil testing\r\nChek mobile apps Saudagar muda\r\n\r\nCheck aplikasi kaercher, di beberapa device. \r\nCheck optimalisasi aps service \r\n\r\nCheck progress SOKA.\r\nKonfirmasi ke kliej\"\r\n', 100),
(30, 3, 33, '0000-00-00', '2019-05-23', 'revisi pkbl, testing hgc\r\n', 100),
(31, 3, 34, '0000-00-00', '2019-05-23', 'Input grutty\r\n', 100),
(32, 3, 35, '0000-00-00', '2019-05-23', 'testing dan debug fitur notif dan inbox\r\n', 100),
(33, 4, 36, '0000-00-00', '2019-05-23', '\"- Monitoring Server Cloud Ocean dan Server Klien\r\n\r\n- Daily Backup VPS Klien\r\n\r\n- Support Cloud Ocean via WhatsApp dan WHMCS\r\n\r\n- Koordinasi edit dan input produk baru Hydroweb\"\r\n', 100),
(34, 3, 20, '0000-00-00', '2019-05-24', '- target pkbl\r\n', 100),
(35, 3, 18, '0000-00-00', '2019-05-24', '- integrasi manajemen : menu, approval limit\r\n', 100),
(36, 3, 22, '0000-00-00', '2019-05-24', 'Implementasi API\r\n', 100),
(37, 3, 35, '0000-00-00', '2019-05-24', 'rework semu halaman dengan tampilan yang baru hgc\r\n', 100),
(38, 3, 29, '0000-00-00', '2019-05-24', 'Mengerjakan fitur kredit bermasalah Dan Dana hibah (Pegadaian)\r\n', 100),
(39, 3, 28, '0000-00-00', '2019-05-24', 'Pengerjaan jurnal pegadaian dari kode 14 dst\r\n', 100),
(40, 3, 30, '0000-00-00', '2019-05-24', '-membuat karakter keperluan cyberlabs academy\r\n', 100),
(41, 3, 26, '0000-00-00', '2019-05-24', '\"memperbaiki kaercher bagian notif\r\nmengoptimalkan aplikasi karcher\"\r\n', 100),
(42, 3, 25, '0000-00-00', '2019-05-24', '\"PENGERJAAN iciindonesia.com\r\n1. Menambahkan field alamat kantor\r\n2. Perubahan registrasi paket, max dua orang, dan data keduanya disimpan\r\n3. pop up setelah registrasi, ganti logo ke ICI talks\r\n4. Fungsi kirim email (cara pembayaran ke peserta yang sudah registrasi)\r\n\r\nPengerjaan hydocenter.id\r\n1. Implementasi admin template\"\r\n', 100),
(43, 3, 23, '0000-00-00', '2019-05-23', 'Pengecekan fitur fase 2 di API dan Admin\r\n', 50),
(44, 3, 23, '0000-00-00', '2019-05-24', 'Pengecekan fitur fase 2 di API dan Admin\r\n', 100),
(45, 3, 31, '0000-00-00', '2019-06-24', '\"-Follow up UKM\r\n-Approaching sekolah/kampus/komunitas\"\r\n', 100),
(46, 3, 33, '0000-00-00', '2019-05-24', 'Testing HGC, Revisi dan testing PKBL\r\n', 100),
(47, 3, 24, '0000-00-00', '2019-05-24', 'Cek mutasi dan rekap dan input gambar\r\n', 100),
(48, 4, 36, '0000-00-00', '2019-05-24', '\"- Monitoring Server Cloud Ocean dan Server Klien\r\n\r\n- Daily Backup VPS Klien\r\n\r\n- Support Cloud Ocean via WhatsApp dan WHMCS\r\n\r\n- Follow up tagihan Domain dan Hosting\"\r\n', 100),
(49, 3, 34, '0000-00-00', '2019-05-24', 'Input grutty\r\n', 100),
(50, 3, 27, '0000-00-00', '2019-05-24', 'Ikut meeting projek kaercer di jakarta\r\n', 100),
(51, 3, 32, '0000-00-00', '2019-05-24', 'Meeting kaercher ke jakarta\r\n', 100),
(52, 3, 18, '0000-00-00', '2019-05-27', '\"- target pkbl\r\n- beberapa revisi minor pada tabel\"\r\n', 100),
(53, 3, 28, '0000-00-00', '2019-05-25', 'Pengerjaan perubahan api travellergram\r\n', 50),
(54, 3, 28, '0000-00-00', '2019-05-26', 'Pengerjaan perubahan api travellergram \r\n', 100),
(55, 3, 24, '0000-00-00', '2019-05-07', 'Cek mutasi dan rekap excel. Buat laporan absensi\r\n', 100),
(56, 3, 37, '0000-00-00', '2019-05-27', 'Free\r\n', 0),
(57, 3, 35, '0000-00-00', '2019-05-27', '- stand by tambahan hgc\r\n', 100),
(58, 3, 31, '0000-00-00', '2019-05-27', '\"-Follow Up Rupa Rupi, calon UKM lainnya dan kampus2\r\n-Silaturahmi via WA dengan networking di Silatnas HIPMI\r\n-Follow up pembayaran HGC\r\n-Tele Conference dengan pihak pegadaian untuk reporting progress\"\r\n', 100),
(59, 3, 29, '0000-00-00', '2019-05-27', 'Mengerjakan fitur Kredit bermasalah\r\n', 100),
(60, 5, 28, '0000-00-00', '2019-05-27', 'Pengerjaan jurnal pegadaian dan revisi metode perhitungan saldo ma\r\n', 100),
(61, 3, 32, '0000-00-00', '2019-05-27', '\"Pembuatan dokumen list hasil meeting kaercher.\r\nCheck progress aplikasi Saudagar muda\r\nCheck progress travellergram\r\nDiskusi penyelesaian kaercher \"\r\n', 100),
(62, 4, 36, '0000-00-00', '2019-05-27', '\"- Monitoring Server Cloud Ocean dan Server Klien\r\n\r\n- Daily Backup VPS Klien\r\n\r\n- Support Cloud Ocean via WhatsApp dan WHMCS\r\n\r\n- Reminder Domain dan Hosting\"\r\n', 100),
(63, 3, 26, '0000-00-00', '2019-05-27', 'pengerjaan hakoprov\r\n', 100),
(64, 3, 23, '0000-00-00', '2019-05-27', 'Perbaikan leaderboard untuk tournament, penambahan list leaderboard pada detail tournament di admin\r\n', 100),
(65, 3, 33, '0000-00-00', '2019-05-27', 'manage project pkbl, revisi tampilan gambar mq travel\r\n', 100),
(66, 3, 22, '0000-00-00', '2019-05-27', 'Implementasi API\r\n', 100),
(67, 3, 20, '0000-00-00', '2019-05-27', '- Target pkbl\r\n', 100),
(68, 1, 30, '0000-00-00', '2019-05-27', 'menunggu penambahan brand, edit foto produk hydro\r\n', 100),
(69, 3, 18, '0000-00-00', '2019-05-27', 'Koordinasi dan pengecekan ici\r\n', 100),
(70, 1, 25, '0000-00-00', '2019-05-27', '\"- hosting web hydrocenter\r\n- lanjut pengejaan ici indonesia\"\r\n', 100),
(71, 5, 24, '0000-00-00', '2019-05-27', 'Ke Pegadaian. Cek mitasi dan rekap excel. Buat laporan absensi\r\n', 100),
(72, 5, 27, '0000-00-00', '2019-05-27', '\"Projek Pegadaian\r\n- Mengerjakan fitur cetak berkas\"\r\n', 100),
(73, 3, 30, '0000-00-00', '2019-05-27', '\"To Do List\r\n- Bug fix & revisi (jika ada)\"\r\n', 100),
(74, 3, 34, '0000-00-00', '2019-05-27', 'Input grutty\r\n', 100),
(75, 3, 38, '0000-00-00', '2019-05-27', 'Kosong\r\n', 100),
(76, 1, 10, '0000-00-00', '2019-05-27', 'Penyelesaian approval produk ke hydro market\r\n', 100),
(77, 3, 39, '0000-00-00', '2019-05-27', 'kosong\r\n', 100),
(78, 3, 40, '0000-00-00', '2019-05-27', 'Input data produk\r\n', 100),
(79, 5, 24, '0000-00-00', '2019-05-27', 'Pegadaian - Bina Lingkungan Module\r\n', 100),
(80, 3, 34, '0000-00-00', '2019-05-28', '\"To Do List\r\n- Bug fix & revisi (jika ada)\"\r\n', 100),
(81, 3, 24, '0000-00-00', '2019-05-28', 'Cek mutasi dan rekap excel\r\n', 100),
(82, 3, 26, '0000-00-00', '2019-05-28', 'penyesuaian penambahan alur pengiriman email melalui registrasi dan build apk scanner untuk event\r\n', 100),
(83, 3, 22, '0000-00-00', '2019-05-28', 'Setup multi level login\r\n', 100),
(84, 3, 20, '0000-00-00', '2019-05-28', '- Pelaporan program kemitraan\r\n', 100),
(85, 3, 32, '0000-00-00', '2019-05-28', '\"Pengecekan progress saudagar muda Admin\r\nPengecekan progress saudagar muda Mobile apps\r\nPembuatan dokumentasi kaercher\r\n\"\r\n', 100),
(86, 5, 28, '0000-00-00', '2019-05-28', 'Pengerjaan jurnal & revisi perhitungan saldo outlet pegadaian\r\n', 100),
(87, 3, 23, '0000-00-00', '2019-05-28', 'Pengecekan fitur HGC di VPS yang telah disediakan\r\n', 100),
(88, 3, 18, '0000-00-00', '2019-05-28', '\"- lanjut ke integrasi : \r\n   - dana hibah : verifikasi berkas - pencairan\r\n   - pelaporan : bina lingkungan\"\r\n', 100),
(89, 5, 27, '0000-00-00', '2019-05-28', '\"Project Pegadaian\r\n- Mengerjakan fitur cetak berkas\"\r\n', 100),
(90, 3, 35, '0000-00-00', '2019-05-28', 'menunggu kabar mengenai perbaikan tambahan dan penyesuaian fitur hgc\r\n', 100),
(91, 4, 36, '0000-00-00', '2019-05-28', '\"- Monitoring Server Cloud Ocean dan Server Klien\r\n\r\n- Daily Backup VPS Klien\r\n\r\n- Support Cloud Ocean via WhatsApp dan WHMCS\r\n\r\n- Renewal Domain dan Hosting\"\r\n', 100),
(92, 3, 37, '0000-00-00', '2019-05-28', 'Free\r\n', 100),
(93, 3, 33, '0000-00-00', '2019-05-28', 'buat flowchart pkbl, dokumentasi teknis starseedfx\r\n', 100),
(94, 3, 41, '0000-00-00', '2019-05-28', '\"Bersih-bersih (ngepel luar dalam)\r\nnyervise Stop Kontak lantai 2\"\r\n', 100),
(95, 5, 29, '0000-00-00', '2019-05-28', 'Mengerjakan perubahan proses angsuran (Pegadaian)\r\n', 100),
(96, 1, 30, '0000-00-00', '2019-05-28', 'Menunggu edit foto brand untuk hydro\r\n', 0),
(97, 3, 25, '0000-00-00', '2019-05-28', '\"- backup hosting ici Indonesia\r\n- membuat fungsi send email \r\n- rombak form pendaftaran paket\r\n- update tampilan untuk list peserta di halaman admin\"\r\n', 100),
(98, 3, 33, '0000-00-00', '2019-05-28', 'PEGADAIAN BL.MODULE\r\n', 100),
(99, 3, 31, '0000-00-00', '2019-05-28', '\"-Follow up calon UKM, rupa rupi dan smesco\r\n-Follow up kerjasama dgn kampus LPKIA\r\n-Bangun komunikasi dgn relasi2 di hipmi nasional\"\r\n', 100),
(100, 3, 10, '0000-00-00', '2019-05-28', 'Cek app, cek web, perbaiki app dan web, transfer knowledge COO\r\n', 100),
(101, 3, 39, '0000-00-00', '2019-05-28', 'Kosong\r\n', 100),
(102, 3, 40, '0000-00-00', '2019-05-28', 'free\r\n', 100),
(103, 3, 34, '0000-00-00', '2019-05-29', '\"Todo List\r\n- Revisi dan bug fix (jika ada)\r\n- Deployment (jika tidak ada revisi)\"\r\n', 100),
(104, 3, 20, '0000-00-00', '2019-05-29', 'Pelaporan target pkbl\r\n', 100),
(105, 3, 23, '0000-00-00', '2019-05-29', 'Diskusi Pengerjaan StarseedFX, mempelajari struktur kode dan pengerjaan fitur StarseedFX\r\n', 100),
(106, 3, 24, '0000-00-00', '2019-05-29', 'Cek mutasi dan rekap data excel\r\n', 100),
(107, 3, 18, '0000-00-00', '2019-05-29', '- integrasi pelaporan : kementerian BUMN & Akuntansi\r\n', 100),
(108, 3, 37, '0000-00-00', '2019-05-29', 'Free\r\n', 100),
(109, 3, 32, '0000-00-00', '2019-05-28', '\"Diskusi dengan tim Saudagar muda\r\nChecking aplikasi Saudagar muda\r\nCari solusi untuk problem Saudagar muda\"\r\n', 50),
(110, 3, 32, '0000-00-00', '2019-05-29', '\"Diskusi dengan tim Saudagar muda\r\nCari solusi problem Saudagar muda\r\nChecking progress aplikasi Saudagar muda\"\r\n', 100),
(111, 5, 28, '0000-00-00', '2019-05-29', 'Pengerjaan menu transaksi pkbl pegadaian\r\n', 100),
(112, 5, 27, '0000-00-00', '2019-05-29', '\"Projek Pegadaian\r\n- Mengerjakan api pelaporan & pencetakan berkas \"\r\n', 100),
(113, 3, 29, '0000-00-00', '2019-05-29', 'Pengerjaan fitur pkbl unggulan (Pegadaian)\r\n', 100),
(114, 3, 22, '0000-00-00', '2019-05-29', 'Property filter & update all implemented apis\r\n', 100),
(115, 3, 26, '0000-00-00', '2019-05-29', 'penyesuaian aplikasi android harkoprov\r\n', 100),
(116, 4, 36, '0000-00-00', '2019-05-29', '\"- Monitoring Server Cloud Ocean dan Server Klien\r\n\r\n- Daily Backup VPS Klien\r\n\r\n- Support Cloud Ocean via WhatsApp dan WHMCS\r\n\r\n- Follow up tagihan Domain dan Hosting\r\n\r\n- Renewal Domain dan Hosting\"\r\n', 100),
(117, 3, 41, '0000-00-00', '2019-05-29', '\"bersih-bersih luar dalam\r\nnguras toilet\"\r\n', 100),
(118, 3, 35, '0000-00-00', '2019-05-29', '- menunggu kabar penyesuaian API server hgc\r\n', 100),
(119, 3, 10, '0000-00-00', '2019-05-29', 'Pembuatan Konten Artikel utk Hydro Center, Pembuatan Materi utk Bahan Seminar Hydro, Pembuatan Konsep Teks BC Cyberlabs Academy, Follow up Midtrans\r\n', 100),
(120, 3, 33, '0000-00-00', '2019-05-29', 'revisi MQ, dokumentasi fitur starseedfx\r\n', 100),
(121, 3, 25, '0000-00-00', '2019-05-29', '\"- lanjut ici indonesia , backup data Dan send email\r\n- saudagar app, pengerjaan data kunjungan (api dan admin)\"\r\n', 100),
(122, 3, 31, '0000-00-00', '2019-05-29', '\"-Lisk daftar event\r\n-List daftat klien\r\n-Meeting dgn calon klien\r\n-Metting conference denhan pegadaian\"\r\n', 100),
(123, 1, 30, '0000-00-00', '2019-05-29', 'Menunggu edit produk foto untuk hydro\r\n', 100),
(124, 3, 24, '0000-00-00', '2019-05-29', 'PEGADAIAN - BL MODULE - SURVEY, REKOMENDASI\r\n', 100),
(125, 3, 37, '0000-00-00', '2019-05-29', 'Kosong\r\n', 0),
(126, 3, 42, '0000-00-00', '2019-05-30', 'belum ada kerjaan\r\n', 100),
(127, 3, 20, '0000-00-00', '2019-05-30', '- pelaporan persetujuan dana bersifat hibah\r\n', 100),
(128, 5, 27, '0000-00-00', '2019-05-30', '\"Projek Pegadaian\r\n- Mengerjakan bagian pencetakan dan pelaporan berkas\"\r\n', 100),
(129, 3, 18, '0000-00-00', '2019-05-30', '\"PKBL :\r\n- mengecek kembali layout tabel maupun form\r\n- minor revisions\"\r\n', 100),
(130, 3, 23, '0000-00-00', '2019-05-30', 'Pengerjaan Starseed FX\r\n', 100),
(131, 3, 32, '0000-00-00', '2019-05-30', '\"- Diskusi dengan tim untuk pengerjaan kaercher\r\n- Pengecekan development saudagar muda apps\"\r\n', 100),
(132, 3, 24, '0000-00-00', '2019-05-30', 'Cek mutasi dan rekap excel, bagikan thr\r\n', 100),
(133, 3, 24, '0000-00-00', '2019-09-18', 'Cek saldo dan rekap excel', 100),
(134, 3, 18, '0000-00-00', '2019-09-23', '\"- menunggu update project selanjutnya\r\n- implementasi proyek CRUD backend\"', 100),
(135, 3, 43, '0000-00-00', '2019-09-17', '- Membuat halaman index(progress) ', 100),
(136, 3, 24, '0000-00-00', '2019-09-17', 'Cek saldo dan rekap excel\r\n', 100),
(137, 3, 18, '0000-00-00', '2019-09-17', 'Kadin Jakarta Admin & Website Cyberlabs : menunggu perintah selanjutnya', 100),
(138, 3, 43, '0000-00-00', '2019-09-16', '- Membuat halaman index', 100),
(139, 3, 18, '0000-00-00', '2019-09-16', '\"Website Cyberlabs : revisi minor\r\nWeb Kadin Jakarta : Prototyping\"', 100),
(140, 3, 24, '0000-00-00', '2019-09-16', 'Cek saldo dan rekap excel dan rekap absensi mingguan\r\n', 100),
(141, 3, 24, '0000-00-00', '2019-09-13', 'Cek saldo dan rekap excel\r\n', 100),
(142, 3, 18, '0000-00-00', '2019-09-13', 'Website Cyberlabs : menerjemahkan konten yang telah update\r\n', 100),
(143, 3, 24, '0000-00-00', '2019-09-12', 'Cek saldo dan rekap excel dan buat sammary pendapatan cyberlabs\r\n', 100),
(144, 3, 18, '0000-00-00', '2019-09-12', 'Web Cyberlabs : mengubah konten sesuai dengan revisi yang diberikan\r\n', 100),
(145, 3, 43, '0000-00-00', '2019-09-11', '-Sistem Iklan 30 hari expired\r\n', 100),
(146, 3, 26, '0000-00-00', '2019-09-11', '\"- konfigurasi lokal sipm web dan android\r\n- serta pengecekan document report security di wa\"\r\n', 100),
(147, 3, 24, '0000-00-00', '2019-09-11', 'Cek saldo dan rekap excel.\r\n', 100),
(148, 3, 28, '0000-00-00', '2019-05-30', 'Pengerjaan menu transaksi pkbl & revisi generate jurnal\r\n', 100),
(149, 3, 33, '0000-00-00', '2019-05-30', 'ibadah\r\n', 0),
(150, 1, 37, '0000-00-00', '2019-05-30', 'Mengerjakan Ppt Hydro\r\n', 100),
(151, 3, 22, '0000-00-00', '2019-05-30', 'Setup filter & implement terms API\r\n', 100),
(152, 4, 36, '0000-00-00', '2019-05-30', '\"- Monitoring Server Cloud Ocean dan Server Klien\r\n\r\n- Daily Backup VPS Klien\r\n\r\n- Support Cloud Ocean via WhatsApp dan WHMCS\r\n\r\n- Follow up Domain, Hosting dan VPS Server\r\n\r\n- Renewal VPS Server\"\r\n', 100),
(153, 3, 41, '0000-00-00', '2019-05-30', '\"bersih-bersih luar dalam\r\n\"\r\n', 100),
(154, 3, 29, '0000-00-00', '2019-05-30', 'Mengerjakan integrasi Dana hibah\r\n', 100),
(155, 3, 35, '0000-00-00', '2019-05-30', '\"kordinasi mengenai pengerjaan fdr :\r\ndebug apos untuk keperluan android pie\"\r\n', 100),
(156, 3, 30, '0000-00-00', '2019-05-30', '\"To Do List\r\n- Deployment\"\r\n', 100),
(157, 3, 31, '0000-00-00', '2019-05-30', '-List event\r\n', 100),
(158, 3, 25, '0000-00-00', '2019-05-30', '\"Pengerjaan ici Indonesia\r\n1. Halaman admin \r\n2. Halaman user \r\n3. Konfirmasi pembayaran\r\n4. Send email\"\r\n', 100),
(159, 1, 30, '0000-00-00', '2019-05-30', 'Menunggu edit foto untuk keperluan hydro\r\n', 100),
(160, 3, 34, '0000-00-00', '2019-05-30', 'Cek domains yg aktif dan yg ngga nya\r\n', 100),
(161, 3, 18, '0000-00-00', '2019-06-10', '\"PKBL :\r\n- lanjutkan pengecekan bina lingkungan\"\r\n', 100),
(162, 3, 23, '0000-00-00', '2019-05-31', 'Pengerjaan StarseedFX\r\n', 100),
(163, 3, 35, '0000-00-00', '2019-05-31', 'libur ganti hari kamis (30/05)\r\n', 0),
(164, 3, 33, '0000-00-00', '2019-05-31', 'dokumentasi teknis dan transfer knowledge starseedfx\r\n', 100),
(165, 3, 28, '0000-00-00', '2019-05-31', 'Pengerjaan travellergram foto post ngefit\r\n', 100),
(166, 3, 36, '0000-00-00', '2019-06-10', '*cuti*\r\n', 0),
(167, 3, 23, '0000-00-00', '2019-06-10', 'Pengecekan Fitur StarseedFX dan Perbaikan error REST API method DELETE dan PUT pada server HGC\r\n', 100),
(168, 3, 26, '0000-00-00', '2019-09-10', '\"- Konfigurasi lokal project sapm\r\n- perbaikan error2 ketika konfigurasi lokal\"\r\n', 100),
(169, 3, 24, '0000-00-00', '2019-09-10', 'Cek saldo dan rekap excel.\r\n', 100),
(170, 3, 35, '0000-00-00', '2019-09-09', 'pengerjaan revisi hipmi danjacon, menunggu kabar juga mengenai pending pengerjaan wakalahmu untuk pengerjaan fdr\r\n', 100),
(171, 3, 24, '0000-00-00', '2019-09-10', 'Cek saldo dan rekap excel. Rekap absensi mingguan\r\n', 100),
(172, 3, 26, '0000-00-00', '2019-09-09', '-', 100),
(173, 3, 18, '0000-00-00', '2019-09-11', '\"Wakalahmu Website :\r\n- mengerjakan update & revisi sesuai hasil meeting 2019/09/06\"\r\n', 100),
(174, 3, 43, '0000-00-00', '2019-09-06', '\"- halaman admin\r\n- sistem tracking admin\r\n- email notifikasi registrasi sales patner\"\r\n', 100),
(175, 3, 35, '0000-00-00', '2019-09-06', 'pengerjaan admin konten wakalahmu\r\n', 100),
(176, 3, 24, '0000-00-00', '2019-09-06', 'Cek saldo dan rekap excel\r\n', 100),
(177, 3, 18, '0000-00-00', '2019-09-06', 'Wakalahmu : tampilan admin & bila ada update dari client\r\n', 100),
(178, 3, 24, '0000-00-00', '2019-06-10', 'Buat laporan keuangan. Laporan absensi dan cek mutasi rekap excel\r\n', 100),
(179, 3, 26, '0000-00-00', '2019-06-10', 'kosong\r\n', 0),
(180, 3, 33, '0000-00-00', '2019-06-10', 'pengecekan project Pegadaian dan HGC\r\n', 0),
(181, 3, 32, '0000-00-00', '2019-06-10', '\"- cek status aplikasi travellergram\r\n- cek progress apliaksi saudagar muda\r\n- Diskusi tim kaercher revisi \"\r\n', 100),
(182, 3, 35, '0000-00-00', '2019-06-10', '- penyesuaian security source code android ( browsing dan pengerjaan)\r\n', 100),
(183, 3, 41, '0000-00-00', '2019-06-10', '\"bersih-bersih luar dalam\r\nngcek persediaan kantor\r\nnyiapin nasi,air\"\r\n', 100),
(184, 3, 34, '0000-00-00', '2019-06-10', 'Cek domains\r\n', 100),
(185, 3, 39, '0000-00-00', '2019-06-10', 'Free\r\n', 0),
(186, 3, 40, '0000-00-00', '2019-06-10', 'free\r\n', 0),
(187, 3, 39, '0000-00-00', '2019-06-10', 'Free\r\n', 0),
(188, 3, 41, '0000-00-00', '2019-06-11', '\"bersih-bersih luar dalam\r\nnyiapin nasi,air\r\nbantuin eka nginput kartu nama\"\r\n', 100),
(189, 3, 10, '0000-00-00', '2019-06-11', 'Processing Order App Booking Online, Processing Midtrans, Buat Proposal Kerjasama Balatkop Jabar\r\n', 100),
(190, 3, 40, '0000-00-00', '2019-06-11', 'free\r\n', 0),
(191, 3, 39, '0000-00-00', '2019-06-11', 'Belajar membuat program (jika belum ada tugas)\r\n', 0),
(192, 3, 40, '0000-00-00', '2019-06-12', 'free\r\n', 0),
(193, 3, 39, '0000-00-00', '2019-06-12', 'Melatih pembuatan program (jika tidak ada tugas)\r\n', 0),
(194, 3, 39, '0000-00-00', '2019-06-13', 'Melanjutkan mengisi data artikel\r\n', 100),
(195, 3, 40, '0000-00-00', '2019-06-13', 'memposting artikel\r\n', 0),
(196, 3, 39, '0000-00-00', '2019-06-14', 'Melanjutkan posting artikel\r\n', 100),
(197, 3, 40, '0000-00-00', '2019-06-14', 'membuat artikel\r\n', 100),
(198, 3, 33, '0000-00-00', '2019-09-05', 'revisi pegadaian\r\n', 100),
(199, 3, 28, '0000-00-00', '2019-09-05', 'Penambahan Jurnal lintas outlet\r\n', 100),
(200, 3, 35, '0000-00-00', '2019-09-05', 'perapihan admin member dan crud partner ansuransi wakalahmu\r\n', 100),
(201, 3, 24, '0000-00-00', '2019-09-05', 'Cek saldo dan rekap excel\r\n', 100),
(202, 3, 18, '0000-00-00', '2019-09-05', '\"- StarseedFX : update layout halaman traders\r\n- Wakalahmu : mengerjakan halaman pembayaran\"\r\n', 100),
(203, 3, 33, '0000-00-00', '2019-09-04', 'revisi pegadaian\r\n', 100),
(204, 3, 35, '0000-00-00', '2019-09-04', 'pengerjaan crud admin wakalamu banner dan partner\r\n', 100),
(205, 3, 24, '0000-00-00', '2019-09-04', 'Cek mutasi dan rekap ke excel\r\n', 100),
(206, 3, 18, '0000-00-00', '2019-09-04', '\"Wakalahmu : menambahkan step form pendaftaran asuransi\r\nselain itu, menunggu instruksi project lain bila ada revisi atau update\"\r\n', 100),
(207, 5, 33, '0000-00-00', '2019-09-04', 'revisi pegadaian\r\n', 100),
(208, 3, 35, '0000-00-00', '2019-09-03', 'pengerjaan perbaikan admin hipmi dan apps dan admin jacon\r\n', 100),
(209, 3, 20, '0000-00-00', '2019-09-03', '- script migrasi data dks\r\n', 100),
(210, 3, 24, '0000-00-00', '2019-09-03', 'Cek mutasi dan rekap ke excel dan laporan keuangan Agustus\r\n', 100),
(211, 3, 18, '0000-00-00', '2019-09-03', '\"IMA : relayout halaman landing page\r\nWakalahmu : mengerjakan form pengisian asuransi\"\r\n', 100),
(212, 5, 33, '0000-00-00', '2019-09-02', 'revisi pegadaian\r\n', 100),
(213, 3, 31, '0000-00-00', '2019-09-02', '\"-Koordinasi IMA\r\n-Koordinasi dan Testing tambahan HIPMI\r\n-Follow up Femina\r\n-Follow up Kemenprin\r\n-Isi Form Kadin\"\r\n', 100),
(214, 3, 36, '0000-00-00', '2019-09-02', '\"- Monitoring Server Cloud Ocean dan Server Klien\r\n\r\n- Daily Backup Server Klien\r\n\r\n- Support Cloud Ocean via WhatsApp dan WHMCS\r\n\r\n- Order dan setting SSL\r\n\r\n- Renewal Domain dan Hosting\"\r\n', 100),
(215, 5, 28, '0000-00-00', '2019-09-01', 'Tambahan jurnal pegadaian\r\n', 100),
(216, 3, 20, '0000-00-00', '2019-09-02', '-buat script migrasi data\r\n', 100),
(217, 3, 35, '0000-00-00', '2019-09-02', 'pengerjaan list admin member dan db produk (sementara)\r\n', 100),
(218, 3, 18, '0000-00-00', '2019-06-17', '\"PKBL :\r\n- melanjutkan input seeder untuk menu\r\n- mengecek kembali pengerjaan \"\r\n', 100),
(219, 3, 35, '0000-00-00', '2019-06-15', '- pengerjaan feedback hgc dan icii\r\n', 100),
(220, 1, 26, '0000-00-00', '2019-06-17', '\"- ganti icon apps hydro\r\n- masuk ke pengerjaan harkoprov jabar\"\r\n', 100),
(221, 1, 10, '0000-00-00', '2019-06-17', 'Monitoring Project Starseed, Pengecekan n Perbaikan Sistem Hydro\r\n', 100),
(222, 3, 34, '0000-00-00', '2019-06-17', '\"To Do List\r\n- Tambahan feedback klien (HGC)\r\n- Deployment HGC (jika tambahan sudah)\"\r\n', 100),
(223, 1, 32, '0000-00-00', '2019-06-17', '\"- mendesign poster hydro\r\n- mengedit icon hydro apps\"\r\n', 100),
(224, 5, 28, '0000-00-00', '2019-06-17', 'Implementasi jurnal pegadaian, testing pegadaian\r\n', 100),
(225, 3, 25, '0000-00-00', '2019-06-17', '\"- ici indonesia\r\n1. List kehadiran untuk paket dan individu\r\n- saudagar app\r\n1. lanjut Api forgot password\r\n2. Api data kunjungan\"\r\n', 100),
(226, 5, 27, '0000-00-00', '2019-06-17', '\"Pegadaian\r\n- pengerjaan fitur cetak berkas & pelaporan\"\r\n', 100),
(227, 5, 29, '0000-00-00', '2019-06-17', 'Pengecekan Dan penyesuain fitur-fitur yang belum sesuai(Pegadaian)\r\n', 100),
(228, 3, 22, '0000-00-00', '2019-06-17', '\"1. Filter properti berdasarkan provinsi dan kota\r\n2. Filter properti berdasarkan harga terendah dan tertinggi\"\r\n', 100),
(229, 3, 20, '0000-00-00', '2019-06-17', '- Integrasi dengan endpoint baru yg belum terintegrasi\r\n', 100),
(230, 5, 33, '0000-00-00', '2019-06-17', 'meeting pegadaian di jkt\r\n', 100),
(231, 3, 23, '0000-00-00', '2019-06-17', 'Pengecekan fitur HGC, jika sudah oke lanjut starseedfx\r\n', 100),
(232, 3, 41, '0000-00-00', '2019-06-17', '\"bersih-bersih luar dalam\r\nnyiapin nasi,air,nyuci karpet\r\nnginput indotrading kategori(elektrinik dan elektrik)\"\r\n', 100),
(233, 5, 31, '0000-00-00', '2019-06-17', '\"-Meeting pegadaian\r\n-Follow up calon prospek Hydro Premium\"\r\n', 100),
(234, 3, 35, '0000-00-00', '2019-06-17', '- pengerjaan ici dan perbaikan idi\r\n', 100),
(235, 4, 36, '0000-00-00', '2019-06-17', '\"- Monitoring Server Cloud Ocean dan Server Klien\r\n\r\n- Daily Backup VPS Klien\r\n\r\n- Support Cloud Ocean via WhatsApp dan WHMCS\r\n\r\n- Renewal Domain dan Hosting\"\r\n', 100),
(236, 3, 40, '0000-00-00', '2019-06-17', 'merangkum produk \r\n', 100),
(237, 3, 42, '0000-00-00', '2019-06-17', 'Belum ada\r\n', 0),
(238, 3, 26, '0000-00-00', '2019-09-02', 'kosong\r\n\r\n', 0),
(239, 3, 23, '0000-00-00', '2019-09-02', 'Melanjutkan pengerjaan starseed\r\n', 100),
(240, 3, 18, '0000-00-00', '2019-09-02', 'Wakalahmu : Pembuatan layout, front end\r\n', 100),
(241, 3, 24, '0000-00-00', '2019-09-02', 'Cek mutasi dan rekap ke excel dan absenai mingguan\r\n', 100),
(242, 3, 18, '0000-00-00', '2019-08-31', 'PKBL : mengerjakan revis\r\n', 100),
(243, 3, 20, '0000-00-00', '2019-08-30', '-migrasi data\r\n', 100),
(244, 3, 33, '0000-00-00', '2019-08-30', 'revisi pkbl\r\n', 100),
(245, 3, 31, '0000-00-00', '2019-08-30', '\"-Siapkan dokumen kadin dki\r\n-Asephi\r\n-Meeting klien\"\r\n', 100),
(246, 5, 28, '0000-00-00', '2019-08-30', 'Revisi pegadaian \r\n', 100),
(247, 3, 35, '0000-00-00', '2019-08-30', 'pengerjaan admin sementar wakalamu\r\n', 100),
(248, 3, 24, '0000-00-00', '2019-08-30', 'Cek mutasi dan rekap ke excel\r\n', 100),
(249, 3, 18, '0000-00-00', '2019-08-30', 'PKBL : mengerjakan revisi & perbaikan script\r\n', 100),
(250, 4, 36, '0000-00-00', '2019-08-29', '\"- Monitoring Server Cloud Ocean dan Server Klien\r\n\r\n- Daily Backup Server Klien\r\n\r\n- Support Cloud Ocean via WhatsApp dan WHMCS\r\n\r\n- Renewal Domain\r\n\r\n- Setting konfigurasi backup VPS baru\"\r\n', 100),
(251, 5, 28, '0000-00-00', '2019-08-29', 'Revisi pegadaian\r\n', 100),
(252, 3, 35, '0000-00-00', '2019-08-29', 'penyiapabackend wakalanamu\r\n', 100),
(253, 3, 24, '0000-00-00', '2019-08-29', 'Cek mutasi dan rekap ke excel\r\n', 100),
(254, 3, 18, '0000-00-00', '2019-08-29', 'PKBL : mengerjakan revisi - revisi\r\n', 100),
(255, 4, 36, '0000-00-00', '2019-08-28', '\"- Monitoring Server Cloud Ocean dan Server Klien\r\n\r\n- Daily Backup Server Klien\r\n\r\n- Support Cloud Ocean via WhatsApp dan WHMCS\r\n\r\n- Renewal Domain dan Hosting\r\n\r\n- Setting Domain ke Blogspot\"\r\n', 100),
(256, 3, 35, '0000-00-00', '2019-08-28', 'pengerjaan halaman login wakalanamu\r\n', 100),
(257, 3, 35, '0000-00-00', '2019-08-28', 'p\r\n', 100),
(258, 3, 26, '0000-00-00', '2019-08-28', 'Revisi cyberlabs', 0),
(259, 3, 23, '0000-00-00', '2019-08-28', 'Melanjutkan pengerjaan penambahan affiliate pada COOP dihalaman admin\r\n', 100),
(260, 3, 23, '0000-00-00', '2019-08-28', 'Melanjutkan pengerjaan penambahan affiliate pada COOP dihalaman admin\r\n', 100),
(261, 3, 24, '0000-00-00', '2019-08-28', 'Cek mutasi dan rekap ke excel\r\n', 100),
(262, 3, 18, '0000-00-00', '2019-08-28', 'PKBL : mengerjakan revisi, merapikan script menu program kemitraan\r\n', 100),
(263, 3, 45, '0000-00-00', '2019-08-27', 'Wikipedia work, data entry\r\n', 100),
(264, 3, 46, '0000-00-00', '2019-08-27', 'Input data, dan melanjutkan register syirkah\r\n', 100),
(265, 1, 47, '0000-00-00', '2019-08-27', 'Input data Hydro, Melanjutkan Aplikasi Syirkah\r\n', 100),
(266, 5, 28, '0000-00-00', '2019-08-27', 'standby pegadaian & perbaikan error\r\n', 100),
(267, 3, 39, '0000-00-00', '2019-06-17', 'Menginput data ke excel\r\n', 100),
(268, 3, 18, '0000-00-00', '2019-06-18', '\"PKBL :\r\n- mengecek pengerjaan\r\n- minor revisi\"\r\n', 100),
(269, 1, 32, '0000-00-00', '2019-06-18', '\"Meeting partnership ici\r\nDesign icon hydro market\r\nDesign banner hydro \r\n\"\r\n', 100),
(270, 3, 10, '0000-00-00', '2019-06-18', 'Monitoring Project Starseed, Transfer Cara Tes ke Aznan, Membuat Tema & Jadwal English Group, Cek & Revisi Hydro\r\n', 100),
(271, 5, 27, '0000-00-00', '2019-06-18', '\"Pegadaian\r\n- Pengerjaan fitur cetak berkas & pelaporan\"\r\n', 100),
(272, 5, 28, '0000-00-00', '2019-06-18', 'Pengerjaan jurnal pegadaian eom\r\n', 100),
(273, 3, 20, '0000-00-00', '2019-06-18', '- Target pkbl\r\n', 100),
(274, 3, 25, '0000-00-00', '2019-06-18', '\"Pengerjaan saudagar app\r\n1. Check konsultan\r\n2. Api list konsultan berdasarkan provinsi dan kota\r\n3. Fungsi request jadi marketing\"\r\n', 100),
(275, 5, 33, '0000-00-00', '2019-06-18', 'koordinasi pengerjaan aplikasi Pegadaian\r\n', 100),
(276, 5, 29, '0000-00-00', '2019-06-18', 'Mengerjakan API target pkbl(Pegadaian)\r\n', 100),
(277, 3, 26, '0000-00-00', '2019-06-18', '- mengerjakan harkoprov\r\n', 100),
(278, 1, 31, '0000-00-00', '2019-06-18', '\"-Approaching calon hydro premium\r\n-Networking di talkshow ICI\"\r\n', 100),
(279, 4, 36, '0000-00-00', '2019-06-18', '\"- Monitoring Server Cloud Ocean dan Server Klien\r\n\r\n- Daily Backup VPS Klien\r\n\r\n- Support Cloud Ocean via WhatsApp dan WHMCS\r\n\r\n- Renewal VPS Klien\r\n\r\n- Renewal Domain Hosting\"\r\n', 100),
(280, 3, 35, '0000-00-00', '2019-06-18', '- perbaikan idi\r\n', 100),
(281, 3, 42, '0000-00-00', '2019-06-18', 'Input data Indotrading\r\n', 100),
(282, 3, 34, '0000-00-00', '2019-06-18', '\"To Do List\r\n- Standby project HGC\"\r\n', 100),
(283, 3, 39, '0000-00-00', '2019-06-18', 'Input data ke excel & mengerjakan tugas dari ka Dede.\r\n', 100),
(284, 3, 23, '0000-00-00', '2019-06-18', 'Mempelajari fitur chat pada StarseedFX dan memperbaiki bebera[a keluhan dari fitur chat\r\n', 100),
(285, 3, 23, '0000-00-00', '2019-06-19', 'Melanjutkan pengerjaan StarseedFX\r\n', 100),
(286, 3, 20, '0000-00-00', '2019-06-19', '- Revisi meeting 17 juni\r\n', 100),
(287, 1, 26, '0000-00-00', '2019-08-27', 'revisi hydro\r\n', 100),
(288, 4, 36, '0000-00-00', '2019-08-27', '\"- Monitoring Server Cloud Ocean dan Server Klien\r\n\r\n- Daily Backup Server Klien\r\n\r\n- Support Cloud Ocean via WhatsApp dan WHMCS\r\n\r\n- Setting DNS Domain\r\n\r\n- Create email Hosting\"\r\n', 100),
(289, 3, 28, '0000-00-00', '2019-08-27', 'pengerjàan revisi jaya connect\r\n', 100),
(290, 3, 24, '0000-00-00', '2019-08-27', 'Cek mutasi dan rekap ke excel\r\n', 100),
(291, 3, 18, '0000-00-00', '2019-08-27', 'PKBL : mengerjakan revisi, merapikan kembali script - script koding\r\n', 100),
(292, 5, 28, '0000-00-00', '2019-08-26', 'stand by pegadaian & perbaikan error\r\n', 100),
(293, 4, 36, '0000-00-00', '2019-08-26', '\"- Monitoring Server Cloud Ocean dan Server Klien\r\n\r\n- Daily Backup Server Klien\r\n\r\n- Support Cloud Ocean via WhatsApp dan WHMCS\r\n\r\n- Approve produk Hydromarket\r\n\r\n- Renewal Domain dan Hosting\"\r\n', 100),
(294, 3, 43, '0000-00-00', '2019-08-26', '\"- sistem mobil yang akan datang\r\n- sistem brosur\r\n- sistem berita\"\r\n', 100),
(295, 3, 23, '0000-00-00', '2019-08-26', 'Melanjutkan Pengerjaan COOP\r\n', 100),
(296, 5, 28, '0000-00-00', '2019-08-23', 'Pengerjaan EOY pegadaian\r\n', 100),
(297, 3, 46, '0000-00-00', '2019-08-26', 'Membuat sistem register dan login pada syirkah\r\n', 100),
(298, 3, 48, '0000-00-00', '2019-08-26', 'Input data , mengerjakan web\r\n', 100),
(299, 3, 47, '0000-00-00', '2019-08-26', 'Maintenance Web Charlytours, Edit Poto Produk Hydro, Melanjutkan Aplikasi Syirkah.\r\n', 100),
(300, 3, 17, '0000-00-00', '2019-08-26', 'membuat to do list web, laporan\r\n', 100),
(301, 3, 31, '0000-00-00', '2019-08-26', '\"Meeting pegadaian\r\nFollow up calon klien via online\"\r\n', 100),
(302, 3, 35, '0000-00-00', '2019-08-26', 'pengerjaan revisi dan tambahan hipmi\r\n', 100),
(303, 3, 24, '0000-00-00', '2019-08-26', 'Cek mutasi, rekap ke excel dan buat laporan absensi mingguan\r\n', 100),
(304, 5, 28, '0000-00-00', '2019-08-23', 'Pengerjaan EOY pegadaian\r\n', 100),
(305, 5, 28, '0000-00-00', '2019-08-23', 'Pengerjaan EOY pegadaian\r\n', 100),
(306, 3, 33, '0000-00-00', '2019-08-24', 'optimasi bagian BL sistem pkbl, testing aplikasi, revisi mq travel (bug orientasi foto)\r\n', 100),
(307, 3, 18, '0000-00-00', '2019-08-26', 'PKBL : mengerjakan revisi - revisi\r\n', 100),
(308, 3, 17, '0000-00-00', '2019-08-23', 'Membuat web, Laporan, Bimbingan\r\n', 100),
(309, 3, 48, '0000-00-00', '2019-08-23', 'Input Data, Mengerjakan Web\r\n', 100),
(310, 3, 42, '0000-00-00', '2019-08-23', 'Belajar Laravel\r\n', 100),
(311, 3, 45, '0000-00-00', '2019-08-23', 'Wikipedia work, (and anything anyone wants me to do... please!)\r\n', 100),
(312, 3, 28, '0000-00-00', '2019-08-23', 'Pengerjaan EOY pegadaian\r\n', 100),
(313, 3, 10, '0000-00-00', '2019-06-19', 'Monitoring Starseed, Seminar Kemdikbud\r\n', 0),
(314, 3, 39, '0000-00-00', '2019-06-19', 'Belajar Laravel\r\n', 0),
(315, 3, 22, '0000-00-00', '2019-06-19', '\"1. Implementasi api list konsultan\r\n2. Filter konsultan\r\n3.Implementasi api pilih konsultan\"\r\n', 100),
(316, 3, 34, '0000-00-00', '2019-06-20', '\"To Do List\r\n- Tidak ada\"\r\n', 100),
(317, 3, 18, '0000-00-00', '2019-06-20', '\"PKBL :\r\n- lanjut menyelesaikan integrasi bina lingkungan\"\r\n', 100),
(318, 3, 20, '0000-00-00', '2019-06-20', '- Tambahan hasil meeting\r\n', 100),
(319, 3, 28, '0000-00-00', '2019-06-20', 'Pengerjaan api pelaporan bagan akun, simulasi jurnal, dan pembuatan seeder data outlet_ma\r\n', 100),
(320, 3, 23, '0000-00-00', '2019-06-20', 'Implementasi pengerjaan fitur yang ada di development ke production, Pengerjaan fitur starseedFX\r\n', 100),
(321, 1, 10, '0000-00-00', '2019-06-20', 'Monitiring Starseed, Meeting Management, Monitoring Hidromall\r\n', 100),
(322, 3, 32, '0000-00-00', '2019-06-20', '\"- Check revisi kaercher\r\n- Check error server travellergram\"\r\n', 100),
(323, 3, 26, '0000-00-00', '2019-06-20', 'mengerjakan aplikasi widyatama\r\n', 100),
(324, 3, 22, '0000-00-00', '2019-06-20', 'Implementasi api\r\n', 100),
(325, 5, 29, '0000-00-00', '2019-06-20', 'Mengerjakan revisi hasil meeting terbaru(Pegadaian)\r\n', 100),
(326, 3, 25, '0000-00-00', '2019-06-20', '- pengerjaan API promo saudagar app\r\n', 100),
(327, 5, 27, '0000-00-00', '2019-06-20', '\"Pegadaian\r\n- Pengerjaan fitur cetak berkas format pdf\"\r\n', 100),
(328, 5, 33, '0000-00-00', '2019-06-20', 'koordinasi pengerjaan pegadaian, dokumentasi teknis HGC\r\n', 100),
(329, 1, 24, '0000-00-00', '2019-06-20', 'Cek mutasi dan rekap excel. Upload produk hydromall\r\n', 100),
(330, 3, 35, '0000-00-00', '2019-06-20', '- perbaikan dan pengecekan idi\r\n', 100),
(331, 4, 36, '0000-00-00', '2019-06-20', '\"- Monitoring Server Cloud Ocean dan Server Klien\r\n\r\n- Daily Backup Server Klien\r\n\r\n- Support Cloud Ocean via WhatsApp dan WHMCS\r\n\r\n- Renewal SMS Credit\r\n\r\n- Renewal Domain Hosting\"\r\n', 100),
(332, 1, 31, '0000-00-00', '2019-06-20', '-Follow Up Calon Hydro\r\n', 100),
(333, 3, 42, '0000-00-00', '2019-06-20', 'Belajar Laravel\r\n', 100),
(334, 3, 39, '0000-00-00', '2019-06-20', 'Belajar Laravel\r\n', 100),
(335, 3, 18, '0000-00-00', '2019-06-21', '\"PKBL :\r\n- lanjut menyelesaikan integrasi bina lingkungan\"\r\n', 100),
(336, 3, 31, '0000-00-00', '2019-06-21', '\"-Follow Up data vendor Pamaren TSM\r\n-Pendataan calon prospek fashion dari IG ramadhan fashion market\"\r\n', 100),
(337, 3, 34, '0000-00-00', '2019-06-21', '\"To Do List\r\n- JCI Depok Homepage\"\r\n', 100),
(338, 3, 20, '0000-00-00', '2019-06-21', '- Master approval limit\r\n', 100),
(339, 5, 28, '0000-00-00', '2019-06-21', 'Pengerjaan pelaporan pegadaian\r\n', 100),
(340, 3, 23, '0000-00-00', '2019-06-21', 'Pengerjaan high impact news\r\n', 100),
(525, 13, 41, '0000-00-00', '2020-02-08', '<p>12312</p>', 0),
(526, 1, 41, '0000-00-00', '2020-02-08', '<p>test</p>', 0),
(342, 3, 25, '0000-00-00', '2019-06-21', '- melanjutkan api favorit dan data kunjungan saudagar apps\r\n', 100),
(343, 3, 33, '0000-00-00', '2019-06-21', 'dokumentasi teknis HGC\r\n', 100),
(344, 3, 22, '0000-00-00', '2019-06-21', '\"1. Implementasi API\r\n2. Fitur afiliasi\"\r\n', 100),
(345, 3, 29, '0000-00-00', '2019-06-21', 'Mengerjakan revisi/perubahan hasil meeting terbaru\r\n', 100),
(346, 1, 24, '0000-00-00', '2019-06-21', 'Cek mutasi dan rekap. Uploud produk hydromall\r\n', 100),
(347, 3, 35, '0000-00-00', '2019-06-21', '- pengerjaan apps event widyatama\r\n', 100),
(348, 4, 36, '0000-00-00', '2019-06-21', '\"- Monitoring Server Cloud Ocean dan Server Klien\r\n\r\n- Daily Backup Server Klien\r\n\r\n- Support Cloud Ocean via WhatsApp dan WHMCS\r\n\r\n- Renewal Domain dan Hosting\"\r\n', 100),
(349, 3, 32, '0000-00-00', '2019-06-21', '\"- Check Keseluruhan revisi kaercher\r\n- kooridansi dengan tim kaercher\r\n- kooridansi dengan tim server, terkait kendala travellergram\"\r\n', 100),
(350, 3, 39, '0000-00-00', '2019-06-21', 'Belajar Laravel\r\n', 100),
(351, 3, 18, '0000-00-00', '2019-06-24', '\"PKBL :\r\n- lanjut menyelesaikan integrasi bina lingkungan, manajemen menu\"\r\n', 100),
(352, 3, 34, '0000-00-00', '2019-06-24', '\"To Do List\r\n- JCI Depok: Home, News\"\r\n', 100),
(353, 3, 48, '0000-00-00', '2019-08-23', 'Input Data, Mengerjakan Web\r\n', 100),
(354, 3, 42, '0000-00-00', '2019-08-23', 'Belajar Laravel\r\n', 100),
(355, 3, 45, '0000-00-00', '2019-08-23', 'Wikipedia work, (and anything anyone wants me to do... please!)\r\n', 100),
(356, 5, 28, '0000-00-00', '2019-08-23', 'Pengerjaan EOY pegadaian\r\n', 100),
(357, 3, 43, '0000-00-00', '2019-08-23', 'CRUD data lead\r\n', 100),
(358, 4, 36, '0000-00-00', '2019-08-23', '\"- Monitoring Server Cloud Ocean dan Server Klien\r\n\r\n- Daily Backup Server Klien\r\n\r\n- Support Cloud Ocean via WhatsApp dan WHMCS\r\n\r\n- Koordinasi input produk Hydro\r\n\r\n- Renewal Domain dan Hosting\"\r\n', 100),
(359, 3, 35, '0000-00-00', '2019-08-23', 'pengecekan pengerjaan  tambahan jacon\r\n', 100),
(360, 3, 26, '0000-00-00', '2019-08-23', 'kosong', 0),
(361, 3, 24, '0000-00-00', '2019-08-23', 'Cek mutasi dan rekap ke excel\r\n', 100),
(362, 3, 18, '0000-00-00', '2019-08-23', 'PKBL : mengerjakan revisi - revisi\r\n', 100),
(363, 3, 46, '0000-00-00', '2019-08-08', 'Input data(Yorindo) dan Analisis syirkah\r\n', 100),
(364, 3, 48, '0000-00-00', '2019-08-22', 'Input data, Pengerjaan Web\r\n', 100),
(365, 3, 17, '0000-00-00', '2019-08-22', 'input data, Pengerjaan web to do list, Desain Mock Up, Membuat Laporan\r\n', 100),
(366, 3, 49, '0000-00-00', '2019-08-22', 'input data\r\n', 100),
(367, 3, 26, '0000-00-00', '2019-08-22', 'kosong\r\n', 0),
(368, 3, 47, '0000-00-00', '2019-08-22', 'Membereskan design layout syirkah app\r\n', 100),
(369, 3, 32, '0000-00-00', '2019-08-22', 'Membuat design poster hydro\r\n', 100),
(370, 3, 18, '0000-00-00', '2019-08-22', 'PKBL : mengerjakan revisi laporan\r\n', 100),
(371, 3, 42, '0000-00-00', '2019-08-22', 'Mempelajari Laravel\r\n', 100),
(372, 4, 27, '0000-00-00', '2019-08-22', '\"Pegadaian\r\n- Pengerjaan revisi pelaporan\"\r\n', 100),
(373, 3, 23, '0000-00-00', '2019-08-22', 'Melanjutkan pengerjaan CRUD CoOp pada stardeedfx\r\n', 100),
(374, 5, 28, '0000-00-00', '2019-08-22', 'Revisi hasil testing pegadaian\r\n', 100),
(375, 3, 33, '0000-00-00', '2019-08-22', 'testing pegadaian, penyesuaian koding dengan data migrasi\r\n', 100),
(376, 4, 29, '0000-00-00', '2019-08-22', 'Penyesuain dan revisi DKS (Pegadaian)\r\n', 100),
(377, 3, 35, '0000-00-00', '2019-08-22', 'pengerjaan perubahan android hipmi\r\n', 100),
(378, 3, 35, '0000-00-00', '2019-08-22', 'pengerjaan perubahan android hipmi', 100),
(379, 4, 36, '0000-00-00', '2019-08-22', '\"- Monitoring Server Cloud Ocean dan Server Klien\r\n\r\n- Daily Backup Server Klien\r\n\r\n- Support Cloud Ocean via WhatsApp dan WHMCS\r\n\r\n- Kunjungan Klien Hydroweb\r\n\r\n- Renewal VPS\r\n\r\n- Setting Domain dan Hosting\"\r\n', 100),
(380, 3, 20, '0000-00-00', '2019-08-22', 'Check ulang pelaporan\r\n', 100),
(381, 3, 24, '0000-00-00', '2019-08-22', 'Cek mitasi dan rekap excel, merepihkan berkas\r\n', 100),
(521, 13, 41, '0000-00-00', '2020-02-07', '<p>1</p>', 0),
(522, 13, 41, '0000-00-00', '2020-02-07', '<p>11</p>', 0),
(523, 13, 41, '0000-00-00', '2020-02-07', '<p>333</p>', 0),
(524, 12, 41, '0000-00-00', '2020-02-07', '<p>1323</p>', 0),
(383, 3, 45, '0000-00-00', '2019-08-21', 'Input data and Wikipedia work\r\n', 100),
(384, 3, 17, '0000-00-00', '2019-08-21', 'Input Data ke Cyber Gate\r\n', 100),
(385, 3, 49, '0000-00-00', '2019-08-21', 'input data\r\n', 100),
(386, 3, 47, '0000-00-00', '2019-08-21', 'Input data & melanjutkan aplikasi syirkah\r\n', 100),
(387, 3, 42, '0000-00-00', '2019-08-21', 'Input data\r\n', 100),
(388, 4, 36, '0000-00-00', '2019-08-21', '\"- Monitoring Server Cloud Ocean dan Server Klien\r\n\r\n- Daily Backup Server Klien\r\n\r\n- Support Cloud Ocean via WhatsApp dan WHMCS\r\n\r\n- Migrasi data website antar Server\"\r\n', 100),
(389, 5, 33, '0000-00-00', '2019-08-21', 'penyesuaian sistem dengan data migrasi pegadaian\r\n', 100),
(390, 5, 28, '0000-00-00', '2019-08-21', 'pengerjaan revisi hasil testing pegadaian\r\n', 100),
(391, 3, 31, '0000-00-00', '2019-08-21', '\"-Meeting dgn pihak wikrama\r\n-Meeting dgn Pak Robert\"\r\n', 100),
(392, 3, 23, '0000-00-00', '2019-08-21', 'Melanjutkan pengerjaan CRUD CoOp pada admin\r\n', 100),
(393, 3, 35, '0000-00-00', '2019-08-21', '- pengerjaan perubahan registrasi hpmi\r\n', 100),
(394, 3, 20, '0000-00-00', '2019-08-21', 'Add endpoint to get last eom\r\n', 100),
(395, 3, 24, '0000-00-00', '2019-08-21', 'Cek mitasi dan rekap excel, print sertifikat\r\n', 100),
(396, 3, 18, '0000-00-00', '2019-08-21', 'PKBL : mengerjakan revisi\r\n', 100),
(397, 4, 36, '0000-00-00', '2019-08-20', '\"- Monitoring Server Cloud Ocean dan Server Klien\r\n\r\n- Daily Backup Server Klien\r\n\r\n- Support Cloud Ocean via WhatsApp dan WHMCS\r\n\r\n- Renewal Domain\r\n\r\n- Setting nameserver Domain\"\r\n', 100),
(398, 3, 23, '0000-00-00', '2019-08-20', 'CRUD untuk system configuration di admin\r\n', 100),
(399, 3, 31, '0000-00-00', '2019-08-20', '\"-Call calon prospek\r\n-Follow up calon prospek : Mas Andri (gereja), Femina, ITB Expo, Pak Sandy Jkt, Pak Yungki Jkt \r\n-Review & Testing HIPMI Connect & Jaya Connect\r\n-Review JLC Mobil\"\r\n', 100),
(400, 3, 32, '0000-00-00', '2019-08-20', '\"Revisi logo carli toure\r\nDiskusi merch wp\r\nBuat assets hipmi connect \"\r\n', 100),
(401, 3, 35, '0000-00-00', '2019-08-20', 'revisi admin api dan android hipmi\r\n', 100),
(402, 3, 20, '0000-00-00', '2019-08-20', 'View layout eoy\r\n', 100),
(403, 5, 29, '0000-00-00', '2019-08-20', 'Mengerjakan revisi dks (Pegadaian)\r\n', 100),
(404, 0, 0, '0000-00-00', '2019-08-20', '', 0),
(405, 3, 24, '0000-00-00', '2019-08-20', 'Cek mitasi dan rekap excel. Scan berkas project 2015\r\n', 100),
(406, 0, 0, '0000-00-00', '2019-08-20', '', 0),
(407, 5, 33, '0000-00-00', '2019-08-20', 'revisi bagian pelaporan pegadaian, testing aplikasi\r\n', 100),
(408, 3, 26, '0000-00-00', '2019-08-20', 'Kosong\r\n', 0),
(409, 3, 18, '0000-00-00', '2019-08-20', 'PKBL : revisi hasil testing pada laporan\r\n', 100),
(410, 3, 31, '0000-00-00', '2019-08-19', '\"-Review & Testing aplikasi HIPMI Connect\r\n-Prospek calon klien\r\n-Follow Up BJB\r\n-Follow Up Tech in Asia\r\n-Follow Up Mandiri Taspen\"\r\n', 100),
(411, 4, 36, '0000-00-00', '2019-08-19', '\"- Monitoring Server Cloud Ocean dan Server Klien\r\n\r\n- Daily Backup Server Klien\r\n\r\n- Support Cloud Ocean via WhatsApp dan WHMCS\r\n\r\n- Renewal VPS Klien\r\n\r\n- Renewal Domain dan Hosting \"\r\n', 100),
(412, 5, 27, '0000-00-00', '2019-08-19', '\"Pegadaian\r\n- Pengerjaan Revisi Pelaporan\"\r\n', 100),
(413, 3, 32, '0000-00-00', '2019-08-19', '\"design halaman mobile apps HIPMI conneect\r\nKoordiansi dengan client kaercher\r\nPembuatan flow kaercher terbaru\"\r\n', 100),
(414, 3, 23, '0000-00-00', '2019-08-19', 'Membuat model dan migrasi database untuk fitur coop\r\n', 100),
(415, 5, 33, '0000-00-00', '2019-08-19', 'testing pegadaian bagian laporan, dokunentasi teknis\r\n', 100),
(416, 5, 20, '0000-00-00', '2019-08-19', 'testing pegadaian bagian laporan, dokunentasi teknis\r\n', 100),
(417, 5, 24, '0000-00-00', '2019-08-18', 'Cek mitasi dan rekap excel. Scan berkas project 2015 dan absensi\r\n\r\n', 100),
(418, 3, 18, '0000-00-00', '2019-08-19', 'PKBL : mengerjakan revisi & migrasi promise function ke async await\r\n', 100),
(419, 3, 24, '0000-00-00', '2019-09-16', 'Cek mitasi dan rekap excel. Scan berkas project 2015\r\n', 100),
(420, 3, 43, '0000-00-00', '2019-09-16', '- sistem CRUD promo\r\n', 100),
(421, 3, 31, '0000-00-00', '2019-09-16', '\"-Mampir ke tech in asia\r\n-Meeting aptiknas\r\n-Metting wakalahmu\"\r\n', 100),
(422, 3, 18, '0000-00-00', '2019-09-16', 'PKBL : migrasi promise function ke async await\r\n', 100),
(423, 4, 43, '0000-00-00', '2019-08-15', '- membuat CRUD iklan\r\n', 100),
(424, 3, 18, '0000-00-00', '2019-08-15', 'PKBL : mengerjakan revisi, ganti penulisan beberapa function memggunakan async await\r\n', 100),
(425, 3, 24, '0000-00-00', '2019-08-15', 'Cek mitasi dan rekap excel. Scan berkas project 2016\r\n', 100),
(426, 3, 43, '0000-00-00', '2019-08-14', '\"- sistem rating\r\n- sistem iklan\"\r\n', 100),
(427, 3, 24, '0000-00-00', '2019-08-14', 'Cek mitasi dan rekap excel. Scan berkas project 2017\r\n', 100),
(428, 3, 18, '0000-00-00', '2019-08-14', '\"PKBL :\r\n- menyederhanakan beberapa promise fungsi dengan sync & await\"\r\n', 100),
(429, 3, 24, '0000-00-00', '2019-08-13', 'Cek mitasi dan rekap excel. Scan berkas partnership\r\n', 100),
(430, 3, 18, '0000-00-00', '2019-08-13', '\"PKBL :\r\n- update & revisi \r\nStarseedFX :\r\n- menunggu update atau revisi\"\r\n', 100),
(431, 3, 43, '0000-00-00', '2019-08-12', '\"- CRUD detail varian\r\n- memperbaiki halaman model\r\n- membuat tabel iklan dan relasi model\"\r\n', 100),
(432, 3, 24, '0000-00-00', '2019-08-12', 'Cek mutasi dan rekap ke excel\r\n', 100),
(433, 3, 18, '0000-00-00', '2019-08-12', '\"PKBL :\r\n- mengerjakan hasil meeting 2019/06/08\r\nStarseedFX :\r\n- menunggu revisi & update\"\r\n', 100),
(434, 3, 24, '0000-00-00', '2019-08-12', 'Cek mutasi dan rekap ke excel\r\n', 100),
(435, 3, 18, '0000-00-00', '2019-08-09', '\"PKBL :\r\n- mengerjakan hasil meeting 2019/06/08\r\nStarseedFX :\r\n- menunggu revisi & update\"\r\n', 100),
(436, 3, 24, '0000-00-00', '2019-08-09', 'Cek mutasi dan rekap ke excel\r\n', 100),
(437, 3, 34, '0000-00-00', '2019-08-09', '\"To Do List: (Jaya/Hipmi Connect)\r\n- Add Benefit\r\n- Broadcast\"\r\n', 100),
(438, 3, 18, '0000-00-00', '2019-08-09', '\"PKBL :\r\n- mengerjakan hasil meeting 2019/06/08\r\nStarseedFX :\r\n- menunggu revisi & update\"\r\n', 100),
(439, 3, 42, '0000-00-00', '2019-08-08', 'Input data\r\n', 100),
(440, 3, 43, '0000-00-00', '2019-08-08', '\"- sistem rating sales patner (progress)\r\n- CRUD Daerah harga mobil variant\r\n- dashboard detail mobil\"\r\n', 100),
(441, 3, 24, '0000-00-00', '2019-08-08', 'Cek mutasi dan rekap ke excel dan ambil sisa barang di kantpr lama dan kumpullan data project\r\n', 100),
(442, 3, 34, '0000-00-00', '2019-08-08', '\"To Do List: (Hipmi/Jaya Connect)\r\n- Member Benefit\"\r\n', 100),
(443, 3, 18, '0000-00-00', '2019-08-08', '\"PKBL :\r\n- mengerjakan update sesuai dengan hasil meeting 2019/08/06\"\r\n', 100),
(444, 3, 42, '0000-00-00', '2019-08-07', 'Input data\r\n', 100),
(445, 3, 43, '0000-00-00', '2019-08-07', '\"- sistem multiple upload\r\n- sistem google pada dealer\r\n- CRUD variasi mobil\r\n- sistem rating sales patner\"\r\n', 100),
(446, 3, 31, '0000-00-00', '2019-07-08', '\"-Meeting dengan tim Digital Marketing Kaercher\r\n-Gladi resik Muprov Kadin DKI\"\r\n', 100),
(447, 3, 24, '0000-00-00', '2019-08-07', 'Cek mutasi dan rekap ke excel dan ambil sisa barang di ktr lama\r\n', 100),
(448, 3, 18, '0000-00-00', '2019-08-07', 'Menunggu revisi & update\r\n', 0),
(449, 3, 38, '0000-00-00', '2019-08-06', '\"To Do List\r\n- Message\r\n- Chat\"\r\n', 100),
(450, 3, 43, '0000-00-00', '2019-08-06', '\"- CRUD model\r\n- memperbaiki table sales dan dealer\r\n- sistem upload image dan multiple\"\r\n', 100),
(451, 3, 24, '0000-00-00', '2019-08-06', 'Cek mutasi dan rekap excel. Buat laporan keuangan bulan Juli 2019\r\n', 100),
(452, 3, 18, '0000-00-00', '2019-08-06', 'Menunggu revisi & update\r\n', 0),
(453, 3, 43, '0000-00-00', '2019-08-05', '\"- membuat tabel dealer, merek, model\r\n- CRUD dealer\r\n- CRUD merek\"\r\n', 100),
(454, 3, 42, '0000-00-00', '2019-08-05', 'Input data ke gate cyberlabs\r\n', 100),
(455, 3, 24, '0000-00-00', '2019-07-05', 'Beresin ruangan kantor\r\n', 0),
(456, 3, 38, '0000-00-00', '2019-08-05', '\"To Do List\r\n- Business Profiles\r\n- QR Code\"\r\n', 100),
(457, 3, 18, '0000-00-00', '2019-08-05', '\"PKBL & StarseedFX :\r\n- menunggu revisi\"\r\n', 100),
(458, 3, 33, '0000-00-00', '2019-08-02', 'testing dan dokumentasi pegadaian\r\n', 100),
(459, 4, 36, '0000-00-00', '2019-08-02', '\"- Monitoring Server Cloud Ocean dan Server Klien\r\n\r\n- Daily Backup Server Klien\r\n\r\n- Support Cloud Ocean via WhatsApp dan WHMCS\r\n\r\n- Renewal VPS Klien\r\n\r\n- Renewal Domain\"\r\n', 100),
(460, 1, 10, '0000-00-00', '2019-08-02', 'Monitoring : Starseed, Hydro, Wakalahmu, Input Data Cyber Gate\r\n', 100),
(461, 3, 29, '0000-00-00', '2019-08-02', 'Mengerjakan fitur dks (Pegadaian)\r\n', 100),
(462, 3, 23, '0000-00-00', '2019-08-02', 'Implementasi fitur aweber pada menu complimentary di admin\r\n', 100),
(463, 5, 27, '0000-00-00', '2019-08-02', '\"Pegadaian\r\n- Test & Fixing bug cetak berkas pkbl\"\r\n', 100),
(464, 3, 35, '0000-00-00', '2019-08-02', '-cheks retemplating apps, penyesuaian admin + pengerjaan tambahan dashboard\r\n', 100),
(465, 3, 28, '0000-00-00', '2019-08-02', 'mengerjakan jurnal balik pada jurnal manual\r\n', 100),
(466, 3, 43, '0000-00-00', '2019-02-08', '\"- membuat tabel biodata_member, biodata_sales\r\n- Update super admin\r\n- CRUD member\r\n- CRUD sales\r\n- CRUD admin\"\r\n', 100),
(467, 3, 42, '0000-00-00', '2019-08-02', 'Belajar Laravel \r\n', 100),
(468, 3, 24, '0000-00-00', '2019-08-02', 'Cek mutasi dan rekap ke excel\r\n', 100),
(469, 3, 31, '0000-00-00', '2019-08-02', '\"-Kontak dealer\r\n-Follow up calon klien\"\r\n', 100);
INSERT INTO `todolist` (`no_peg`, `no_project`, `no_user`, `tgl_mulai`, `date_Selesai`, `todolist`, `progress`) VALUES
(470, 3, 38, '0000-00-00', '2019-08-02', '\"To Do List:\r\n- Testing Network Connect (send email)\r\n- Profile: view, edit profile, edit account, CRUD business profile\"\r\n', 100),
(471, 3, 18, '0000-00-00', '2019-08-02', '\"StarseedFX:\r\n- mengerjakan layout landing page untuk diserahkan ke bu ahira\r\nPKBL :\r\n- mengerjakan revisi \"\r\n', 100),
(472, 3, 43, '0000-00-00', '2019-01-08', '\"- menerapkan template admin LTE\r\n- mebuat tabel-tabel yang berkaitan dengan profile user\r\n- membuat sistem login berbeda berdasarkan hak akses user\r\n- membuat halaman dashboard admin\"\r\n', 100),
(473, 3, 42, '0000-00-00', '2019-08-01', 'Belajar Laravel bagian Forgot password\r\n', 100),
(474, 3, 24, '0000-00-00', '2019-08-01', 'Cek mutasi dan rekap ke excel\r\n', 100),
(475, 3, 38, '0000-00-00', '2019-08-01', '\"To Do List: (Hipmi/Jaya Connect)\r\n- Network View\r\n- Network Detail View\r\n- Network Reference (jika sempat)\r\n- Network Connect/Mail send (jika sempat)\"\r\n', 100),
(476, 3, 18, '0000-00-00', '2019-08-01', '\"PKBL :\r\n- menunggu fungsi jurnal balik\"\r\n', 100),
(477, 3, 42, '0000-00-00', '2019-07-31', 'Belajar laravel bagian email verification\r\n', 100),
(478, 3, 24, '0000-00-00', '2019-07-31', 'Cek mutasi dan rekap ke excel\r\n', 100),
(479, 3, 38, '0000-00-00', '2019-07-31', '\"To Do List:\r\n- News & Event Detail\r\n- Comment\r\n- Network\r\n- Network Detail\"\r\n', 100),
(480, 3, 18, '0000-00-00', '2019-07-31', '\"PKBL :\r\n- mengerjakan revisi hasil testing & revisi laporan akuntansi\r\nKADIN Jakarta Nametag :\r\n- revisi layouting\"\r\n', 100),
(481, 3, 39, '0000-00-00', '2019-07-30', 'Menginstal ulang dan belajar laravel\r\n', 100),
(482, 3, 42, '0000-00-00', '2019-07-30', 'Belajar laravel\r\n', 100),
(483, 5, 33, '0000-00-00', '2019-07-30', 'testing dan dokumentasi pegadaian\r\n', 100),
(484, 3, 24, '0000-00-00', '2019-07-30', 'Cek mutasi dan rekap ke excel\r\n', 100),
(485, 3, 38, '0000-00-00', '2019-07-30', '\"To Do List\r\n- Tampilan Tab Bar 5 menu\r\n- Home menu\r\n- Home menu search & filter\"\r\n', 100),
(486, 3, 18, '0000-00-00', '2019-07-30', '\"PKBL :\r\n- integrasi Laporan Posisi Keuangan & revisi hasil testing\"\r\n', 100),
(487, 3, 31, '0000-00-00', '2019-07-29', '\"-Present Marketing Plan\r\n-Buat artikel portofolio\"\r\n', 100),
(488, 3, 42, '0000-00-00', '2019-07-29', 'Belajar laravel mencoba membuat realtime web\r\n', 100),
(489, 3, 38, '0000-00-00', '2019-07-29', '\"To Do List:\r\n- Start HIPMI Connect\r\n- Build up development environtment\"\r\n', 100),
(490, 3, 24, '0000-00-00', '2019-07-28', 'Cek mutasi dan rekap ke excel dan buat laporan absensi mingguan\r\n', 100),
(491, 3, 18, '0000-00-00', '2019-07-29', '\"PKBL : \r\n- bantu testing & revisi\"\r\n', 100),
(492, 3, 31, '0000-00-00', '2019-07-26', '\"-Collect kartu nama di job fair widyatama\r\n-Ke Harkaprov\r\n-Ke Cihamplas acara dari Bekraf dan Instagram\"\r\n', 100),
(493, 3, 24, '0000-00-00', '2019-07-26', 'Cek mutasi dan rekap ke excel\r\n', 100),
(494, 3, 18, '0000-00-00', '2019-07-26', '\"PKBL :\r\n- Mengerjakan revisi hasil tes\"\r\n', 100),
(495, 5, 27, '0000-00-00', '2019-07-25', '\"Pegadaian\r\n- Pengerjaan bagian revisi\"\r\n', 100),
(496, 3, 42, '0000-00-00', '2019-07-25', 'Belajar Laravel \r\n', 100),
(497, 3, 31, '0000-00-00', '2019-07-25', '\"-Networking event dr kemenko\r\n-On air di radio Sonata\"\r\n', 100),
(498, 3, 24, '0000-00-00', '2019-07-25', 'Cek mutasi dan rekap ke excel\r\n', 100),
(499, 3, 18, '0000-00-00', '2019-07-25', '\"PKBL :\r\n- mengerjakan revisi hasil testing\"\r\n', 100),
(500, 3, 24, '0000-00-00', '2019-07-24', 'Cek mutasi dan rekap excel.\r\n', 100),
(501, 3, 18, '0000-00-00', '2019-07-24', '\"PKBL :\r\n- mengerjakan revisi hasil testing\"\r\n', 100),
(502, 5, 33, '0000-00-00', '2019-07-23', 'testing dan dokumentasi pegadaian\r\n', 100),
(503, 4, 36, '0000-00-00', '2019-07-23', '\"- Monitoring Server Cloud Ocean dan Server Klien\r\n\r\n- Daily Backup Server Klien\r\n\r\n- Support Cloud Ocean via WhatsApp dan WHMCS\r\n\r\n- Renewal Server Cloud Ocean\"\r\n', 100),
(504, 5, 27, '0000-00-00', '2019-07-23', '\"Pegadaian\r\n- Pengerjaan Revisi\"\r\n', 100),
(505, 3, 20, '0000-00-00', '2019-07-23', 'Revisi pkbl\r\n', 100),
(506, 5, 28, '0000-00-00', '2019-07-23', 'pengerjaan jurnal balik pegadaian\r\n', 100),
(507, 1, 10, '0000-00-00', '2019-07-23', 'Meeting Expert Pool, Monitoring : Hydro, Starseed, Wakalahmu\r\n', 100),
(508, 3, 42, '0000-00-00', '2019-07-23', 'Belajar laravel\r\n', 100),
(509, 3, 40, '0000-00-00', '2019-07-23', 'belajar laravel\r\n', 100),
(510, 3, 31, '0000-00-00', '2019-07-23', '\"-Meeting di jakarta\r\n-Present di event di jakarta\"\r\n', 100),
(511, 3, 24, '0000-00-00', '2019-07-23', 'Cek mutasi dan rekap excel.\r\n', 100),
(512, 3, 18, '0000-00-00', '2019-07-23', '\"PKBL :\r\n- mengerjakan beberapa revisi\r\nStarseedFX: \r\n- mengerjakan halaman shopping cart\"\r\n', 100),
(513, 3, 40, '0000-00-00', '2019-07-22', 'belajar laravel\r\n', 100),
(514, 4, 36, '0000-00-00', '2019-07-22', '\"- Monitoring Server Cloud Ocean dan Server Klien\r\n\r\n- Daily Backup Server Klien\r\n\r\n- Support Cloud Ocean via WhatsApp dan WHMCS\r\n\r\n- Manage akun Hosting\r\n\r\n- Perbaikan akun website Hydro\"\r\n', 100),
(515, 5, 18, '0000-00-00', '2020-01-27', '<p>Tahap Pembaruhan API</p>', 23),
(516, 6, 18, '0000-00-00', '2020-01-28', '<p>PErbaikan DAtabase</p>', 51),
(517, 1, 18, '0000-00-00', '2020-01-28', '<p>Desain</p>', 36),
(518, 1, 18, '0000-00-00', '2020-01-28', '<p>Design</p>', 55),
(519, 1, 18, '0000-00-00', '2020-01-28', '<p>Ngarancang</p>', 10),
(520, 1, 18, '0000-00-00', '2020-01-28', '<p>Desain</p>', 1),
(527, 1, 41, '0000-00-00', '2020-02-08', '<p>test</p>', 0),
(528, 2, 41, '0000-00-00', '2020-02-08', '<p>dd</p>', 0),
(529, 12, 41, '0000-00-00', '2020-02-08', '', 0),
(530, 12, 41, '0000-00-00', '2020-02-08', '<p>dd</p>', 0),
(531, 13, 41, '0000-00-00', '2020-02-08', '<p>rr</p>', 0),
(532, 17, 41, '0000-00-00', '2020-02-08', '<p>cek</p>', 0),
(534, 18, 18, '2020-02-02', '2020-02-08', '<p>Desain</p>', 0),
(535, 19, 18, '0000-00-00', '2020-02-11', '<p>Fiture</p>', 0),
(536, 21, 41, '2020-02-12', '2020-02-11', '<p>123</p>', 78),
(537, 0, 41, '0000-00-00', '2020-02-11', '<p>test</p>', 0),
(538, 21, 41, '0000-00-00', '2020-02-11', '<p>2020 test</p>', 0),
(539, 21, 41, '0000-00-00', '2020-02-11', '<p>asdasd</p>', 95),
(540, 21, 41, '0000-00-00', '2020-02-11', '<p>tesr dsd</p>', 97);

-- --------------------------------------------------------

--
-- Table structure for table `user`
--

CREATE TABLE `user` (
  `id_user` int(10) NOT NULL,
  `nama` varchar(100) NOT NULL,
  `jk` varchar(15) NOT NULL,
  `agama` varchar(15) NOT NULL,
  `pendidikan` varchar(10) NOT NULL,
  `email_user` varchar(100) NOT NULL,
  `pwd_user` varchar(100) NOT NULL,
  `leverl_user` varchar(10) NOT NULL
) ENGINE=MyISAM DEFAULT CHARSET=latin1;

--
-- Dumping data for table `user`
--

INSERT INTO `user` (`id_user`, `nama`, `jk`, `agama`, `pendidikan`, `email_user`, `pwd_user`, `leverl_user`) VALUES
(10, 'Agus Santoso', 'Laki-laki', 'Kristen', 'S1', 'Agus Santoso', 'bad73c23ee8bed20669649baa1020223', 'admin'),
(17, 'Zakharia', 'Laki-laki', 'Islam', 'S1', 'zria37', '5964694f05262e6a401d4a3e5d09a777', 'user'),
(18, 'Fitri Kurnia Mulyani', 'Perempuan', 'Kristen', 'SMP', 'Fitri Kurnia Mulyani', 'bcbb8172d269520120ebd27b4837cc45', 'user'),
(20, 'Dikanio\r\n', 'Laki-Laki', 'Islam', 'D3', 'Dikanio\r\n', '3dfba413c46a8a172ab8a949cf3f2e07', 'user'),
(22, 'Sandi Setiawan\r\n', 'Laki-Laki', 'Islam', 'S1', 'Sandi Setiawan\r\n', 'e9d041cdfd60df6b08be0bef3bb3920b', 'user'),
(23, 'Yudafikra Andika\r\n', 'Laki-Laki', 'Islam', 'S1', 'Yudafikra Andika\r\n', 'a98b31c86951a9d36aa86966d14e0033', 'user'),
(24, 'Budy wardoyo\r\n', 'Laki-Laki', 'Islam', 'SMA', 'Budy wardoyo\r\n', '534d127d0be0298c5c3ddb6b24ba872f', 'user'),
(25, 'Dede rusliandi \r\n', 'Laki-Laki', 'Islam', 'S1', 'Dede rusliandi \r\n', '8c742dc7b2919ee46e0d18cf523bee52', 'user'),
(26, 'Alvin Andrian\r\n', 'Laki-Laki', 'Islam', 'D3', 'Alvin Andrian\r\n', 'a7f235b2b357c1ef3fd0194d13c8536d', 'user'),
(27, 'Ramdan Nurul\r\n', 'Laki-Laki', 'Islam', 'S1', 'Ramdan Nurul\r\n', '6c6a3760603566255276873d2d01c10c', 'user'),
(28, 'Firman\r\n', 'Laki-Laki', 'Islam', 'S1', 'Firman\r\n', 'e7b6f387faeb10d2079a0a4f6a575597', 'user'),
(29, 'Anwar Abdul Rojak\r\n', 'Laki-Laki', 'Islam', 'S1', 'Anwar Abdul Rojak\r\n', 'aebd3727bd7fc2bcdb10c2176cdd64cd', 'user'),
(30, 'Rizky Ahmad Fahreza\r\n', 'Laki-laki', 'Islam', 'S1', 'Rizky Ahmad Fahreza\r\n', '5e5080092a7d12ada0ba18c832cab7cf', 'user'),
(31, 'Hardyansyah\r\n', 'Laki-Laki', 'Islam', 'S1', 'Hardyansyah\r\n', 'ab1e5da7d1463157e2636eb7013b3582', 'user'),
(32, 'Rizky mw\r\n', 'Laki-Laki', 'Islam', 'S1', 'Rizky mw\r\n', '2e81db8274a5b8dc3eb28c047f15bfb7', 'user'),
(33, 'Noel\r\n', 'Laki-Laki', 'Khatolik', 'S1', 'Noel\r\n', '5c95741fe2cfb2f2f684156ab520ec27', 'user'),
(34, 'Eka pratama\r\n', 'Laki-Laki', 'Islam', 'S1', 'Eka pratama\r\n', '17c659d8a278bff96d22dd549c072eab', 'user'),
(35, 'Iman dodo sujatmiko\r\n', 'Laki-Laki', 'Islam', 'S1', 'Iman dodo sujatmiko\r\n', 'd8eaaf40f631eea76ad9e9a843329a2e', 'user'),
(36, 'Asep Rusyadi\r\n', 'Laki-Laki', 'Islam', 'S1', 'Asep Rusyadi\r\n', '27cca0956d51aac35c52178109b04ebf', 'user'),
(37, 'Qalbi\r\n', 'Laki-Laki', 'Islam', 'D3', 'Qalbi\r\n', '95fb356dbd19c2a72a2b47ac891a62ab', 'user'),
(38, 'Rizki Pratama\r\n', 'Laki-Laki', 'Islam', 'D3', 'Rizki Pratama\r\n', 'e0bc37b041f695b3603f5b02dca23c47', 'user'),
(39, 'Andreas Suryadi\r\n', 'Laki-Laki', 'Islam', 'D3', 'Andreas Suryadi\r\n', 'a6bd370724192b9b6d603fefd1487508', 'user'),
(40, 'Kevin\r\n', 'Laki-Laki', 'Islam', 'D3', 'Kevin\r\n', '202cb962ac59075b964b07152d234b70', 'user'),
(41, 'Agus\r\n', 'Laki-Laki', 'Islam', 'SMA', 'agus', '202cb962ac59075b964b07152d234b70', 'user'),
(42, 'Steven\r\n', 'Laki-Laki', 'Islam', 'SMK', 'Alvin Andrian\r\n', '41a3244287fc794961426c6a0a6da697', 'user'),
(43, 'Regiana Fajar Ramdhani\r\n', 'Perempuan', 'Islam', 'SMK', 'Regiana Fajar Ramdhani\r\n', '388ffb1e9592acff314f43c28692a5cf', 'user'),
(45, 'Daniel Pageau\r\n', 'Laki-Laki', 'Kristen', 'S1', 'Daniel Pageau\r\n', '41023043a785901b4c4ac331b394d516', 'user'),
(46, 'Muhammad Jaariyah\r\n', 'Laki-Laki', 'Islam', 'S1', 'Muhammad Jaariyah\r\n', '6f3b2991663161639d49458abea7abd4', 'user'),
(47, 'Agun Wiguna\r\n', 'Laki-Laki', 'Islam', 'S1', 'Agun Wiguna\r\n', 'da229104cc690042adff357cda797f67', 'user'),
(48, 'Rizaldi Banyu Wijaya\r\n', 'Laki-Laki', 'Islam', 'D3', 'Rizaldi Banyu Wijaya\r\n', 'c4c0c1f150cbf0a798894e2c33ac525a', 'user'),
(49, 'ilham fery\r\n', 'Laki-Laki', 'Islam', 'S1', 'ilham fery\r\n', '3d3e326d65b5de214e93821b0f0c2c8a', 'user'),
(50, 'Zaka', 'Laki-laki', 'Kristen', 'D3', 'zria37@gmail.com', 'd41d8cd98f00b204e9800998ecf8427e', 'user');

--
-- Indexes for dumped tables
--

--
-- Indexes for table `tambah_project`
--
ALTER TABLE `tambah_project`
  ADD PRIMARY KEY (`no_project`);

--
-- Indexes for table `tim_project`
--
ALTER TABLE `tim_project`
  ADD PRIMARY KEY (`id_tim`);

--
-- Indexes for table `todolist`
--
ALTER TABLE `todolist`
  ADD PRIMARY KEY (`no_peg`),
  ADD KEY `no_project` (`no_project`),
  ADD KEY `no_user` (`no_user`);

--
-- Indexes for table `user`
--
ALTER TABLE `user`
  ADD PRIMARY KEY (`id_user`);

--
-- AUTO_INCREMENT for dumped tables
--

--
-- AUTO_INCREMENT for table `tambah_project`
--
ALTER TABLE `tambah_project`
  MODIFY `no_project` int(10) NOT NULL AUTO_INCREMENT, AUTO_INCREMENT=24;

--
-- AUTO_INCREMENT for table `tim_project`
--
ALTER TABLE `tim_project`
  MODIFY `id_tim` int(11) NOT NULL AUTO_INCREMENT, AUTO_INCREMENT=77;

--
-- AUTO_INCREMENT for table `todolist`
--
ALTER TABLE `todolist`
  MODIFY `no_peg` int(11) NOT NULL AUTO_INCREMENT, AUTO_INCREMENT=541;

--
-- AUTO_INCREMENT for table `user`
--
ALTER TABLE `user`
  MODIFY `id_user` int(10) NOT NULL AUTO_INCREMENT, AUTO_INCREMENT=51;
COMMIT;

/*!40101 SET CHARACTER_SET_CLIENT=@OLD_CHARACTER_SET_CLIENT */;
/*!40101 SET CHARACTER_SET_RESULTS=@OLD_CHARACTER_SET_RESULTS */;
/*!40101 SET COLLATION_CONNECTION=@OLD_COLLATION_CONNECTION */;
